{"\ud76c\uc9001": 1.7387902736663818, "\ud76c\uc9002": 4.5148515701293945, "\ud76c\uc9004": 1.6045942306518555}